{"cameraMode":{"drawMode":0,"name":"Shaded","section":"Shading Mode"},"sceneLighting":true,"audioPlay":false,"sceneViewState":{"showFog":true,"showMaterialUpdate":true,"showSkybox":true,"showFlares":true,"showImageEffects":true,"showParticleSystems":true},"in2DMode":false,"pivot":{"x":310.09112548828127,"y":88.1724624633789,"z":218.87802124023438},"rotation":{"x":-0.13399986922740937,"y":0.5896770358085632,"z":-0.10002283751964569,"w":-0.7901543974876404},"size":146.57737731933595,"orthographic":false}